-- MySQL dump 10.13  Distrib 8.0.20, for Win64 (x86_64)
--
-- Host: localhost    Database: bookstore
-- ------------------------------------------------------
-- Server version	5.7.30-0ubuntu0.18.04.1

/*!40101 SET @OLD_CHARACTER_SET_CLIENT=@@CHARACTER_SET_CLIENT */;
/*!40101 SET @OLD_CHARACTER_SET_RESULTS=@@CHARACTER_SET_RESULTS */;
/*!40101 SET @OLD_COLLATION_CONNECTION=@@COLLATION_CONNECTION */;
/*!50503 SET NAMES utf8 */;
/*!40103 SET @OLD_TIME_ZONE=@@TIME_ZONE */;
/*!40103 SET TIME_ZONE='+00:00' */;
/*!40014 SET @OLD_UNIQUE_CHECKS=@@UNIQUE_CHECKS, UNIQUE_CHECKS=0 */;
/*!40014 SET @OLD_FOREIGN_KEY_CHECKS=@@FOREIGN_KEY_CHECKS, FOREIGN_KEY_CHECKS=0 */;
/*!40101 SET @OLD_SQL_MODE=@@SQL_MODE, SQL_MODE='NO_AUTO_VALUE_ON_ZERO' */;
/*!40111 SET @OLD_SQL_NOTES=@@SQL_NOTES, SQL_NOTES=0 */;

--
-- Table structure for table `author`
--

DROP TABLE IF EXISTS `author`;
/*!40101 SET @saved_cs_client     = @@character_set_client */;
/*!50503 SET character_set_client = utf8mb4 */;
CREATE TABLE `author` (
  `id` int(11) NOT NULL AUTO_INCREMENT,
  `name` varchar(255) DEFAULT NULL,
  PRIMARY KEY (`id`)
) ENGINE=InnoDB AUTO_INCREMENT=102 DEFAULT CHARSET=utf8mb4;
/*!40101 SET character_set_client = @saved_cs_client */;

--
-- Dumping data for table `author`
--

LOCK TABLES `author` WRITE;
/*!40000 ALTER TABLE `author` DISABLE KEYS */;
INSERT INTO `author` VALUES (1,'Лев Толстой '),(2,'Дж.Оруэлл '),(3,'Дж.Джойс '),(4,'Владимир Набоков '),(5,'Уильям Фолкнер '),(6,'Ральф Эллисон '),(7,'Вирджиниа Вульф '),(8,'Гомер'),(9,'Джейн Остен '),(10,'Данте '),(11,'Чосер '),(12,'Дж. Свифт '),(13,'Джордж Элиот '),(14,'Чинуа Ачебе'),(15,'Дж. Селлинджер '),(16,'Маргарет Митчелл '),(17,'Габриель Гарсиа Маркес '),(18,'Скотт Фиттцжеральд '),(19,'Джозеф Хеллер '),(20,'Тони Моррисон '),(21,'Дж.Стейнбек '),(22,'Салман Рушди '),(23,'Олдос Хаксли '),(24,'Вирджиния Вульф '),(25,'Ричард Райт '),(26,'Алексис Де Токвиль '),(27,'Чарльз Дарвин '),(28,'Геродот '),(29,'Ж-Ж.Руссо '),(30,'Карл Маркс '),(31,'Николо Макиавелли '),(32,'Св. Августин '),(33,'Томас Гоббс '),(34,'Фукидид, '),(35,'Дж.Толкиен '),(36,'Александер Милн '),(37,'Льюис '),(38,'Форстер '),(39,'Джек Керуак '),(40,'Харпер Ли '),(41,'Святая Библия'),(42,'Энтони Берджес '),(43,'Уильям Фолкнер '),(44,'Уильям Дюбуа '),(45,'Джин Рис '),(46,'Густав Флобер '),(47,'Джон Мильтон '),(48,'Лев Толстой '),(49,'Уильям Шекспир '),(50,'Уильям Шекспир '),(51,'Уильям Шекспир '),(52,'Уильям Шекспир '),(53,'Уолт Уитмен '),(54,'Марк Твен '),(55,'Редьярд Киплинг '),(56,'Мери Шелли '),(57,'Тони Моррисон '),(58,'Кен Кизи '),(59,'Эрнест Хемингуэй '),(60,'Курт Воннегут '),(61,'Оруэлл '),(62,'Уильям Голдинг '),(63,'Трумен Капоте '),(64,'Дорис Лессинг '),(65,'Марсель Пруст '),(66,'Реймонд Чандлер '),(67,'Уильям Фолкнер '),(68,'Эрнест Хемингуэй '),(69,'Роберт Грейвс '),(70,'Карсон Маккаллерс '),(71,'Дэвид Лоуренс '),(72,'Роберт Пенн Уоррен '),(73,'Дж. Болдуин '),(74,'Э. Уайт '),(75,'Джозеф Конрад '),(76,'Эли Визель '),(77,'Дж.Апдайк '),(78,'Эдит Уортон '),(79,'Филипп Рот '),(80,'Теодор Драйзер '),(81,'Натанаэл Уэст '),(82,'Генри Миллер '),(83,'Дешил Хэммет '),(84,'Филипп Пулман '),(85,'Уилла Кэсер '),(86,'Зигмунд Фрейд '),(87,'Генри Адамс '),(88,'Мао Цзэдун '),(89,'Уильям Джеймс '),(90,'Ивлин Во '),(91,'Рэйчел Карсон '),(92,'Джон Мейнард Кейнс '),(93,'Джозеф Конрад '),(94,'Роберт Грейвс '),(95,'Джон Кеннет Гелбрейт '),(96,'Кеннет Грэм '),(97,'Алекс Хейли и Малкольм Икс'),(98,'Литтон Стрейчи'),(99,'Элис Уокер'),(100,'Уинстон Черчилль '),(101,'Не Джейн Остен ');
/*!40000 ALTER TABLE `author` ENABLE KEYS */;
UNLOCK TABLES;

--
-- Table structure for table `book`
--

DROP TABLE IF EXISTS `book`;
/*!40101 SET @saved_cs_client     = @@character_set_client */;
/*!50503 SET character_set_client = utf8mb4 */;
CREATE TABLE `book` (
  `id` int(10) unsigned NOT NULL AUTO_INCREMENT,
  `title` varchar(45) CHARACTER SET utf8mb4 NOT NULL,
  `author_id` int(10) unsigned NOT NULL,
  `genre_id` int(10) unsigned DEFAULT NULL,
  `cost` float DEFAULT NULL,
  `url` varchar(255) DEFAULT NULL,
  PRIMARY KEY (`id`)
) ENGINE=InnoDB AUTO_INCREMENT=100 DEFAULT CHARSET=latin1;
/*!40101 SET character_set_client = @saved_cs_client */;

--
-- Dumping data for table `book`
--

LOCK TABLES `book` WRITE;
/*!40000 ALTER TABLE `book` DISABLE KEYS */;
INSERT INTO `book` VALUES (1,'Война и мир',1,4,441.421,'voyna-i-mir'),(2,'1984',2,4,717.17,'1984'),(3,'Улисс',3,5,981.586,'uliss'),(4,'Лолита',4,1,776.422,'lolita'),(5,'Звук и ярость',5,4,917.349,'zvuk-i-yarost'),(6,'Человек-невидимка',6,4,277.481,'chelovek-nevidimka'),(7,'На маяк',7,2,575.359,'na-mayak'),(8,'Одиссея',8,4,64.352,'odisseya'),(9,'Гордость и предубеждение',9,3,535.682,'gordost-i-predubezhdeniye'),(10,'Божественная комедия',10,4,505.356,'bozhestvennaya-komediya'),(11,'Кентерберийские истории',11,3,899.733,'kenterberiyskiye-istorii'),(12,'Приключение Гулливера',12,5,22.595,'priklyucheniye-gullivera'),(13,'Мидлмарч',13,3,333.777,'midlmarch'),(14,'Распад',14,2,601.102,'raspad'),(15,'Над пропастью во ржи',15,1,24.1759,'nad-propastyu-vo-rzhi'),(16,'Унесенные ветром',16,4,257.575,'unesennyye-vetrom'),(17,'Сто лет одиночества',17,1,215.347,'sto-let-odinochestva'),(18,'Великий Гетсби',18,2,284.011,'velikiy-get·sbi'),(19,'Уловка 22',19,3,754.013,'ulovka-22'),(20,'Возлюбленная',20,3,938.033,'vozlyublennaya'),(21,'Гроздья гнева',21,1,448.127,'grozdya-gneva'),(22,'Полночные дети',22,4,386.535,'polnochnyye-deti'),(23,'О дивный новый мир',23,1,568.296,'o-divnyy-novyy-mir'),(24,'Миссис Дэллоуэй',24,4,681.874,'missis-d·ellouey'),(25,'Родной сын',25,1,704.482,'rodnoy-syn'),(26,'Демократия в Америке',26,1,476.788,'demokratiya-v-amerike'),(27,'Происхождение видов',27,1,250.492,'proiskhozhdeniye-vidov'),(28,'История',28,3,782.097,'istoriya'),(29,'Социальный контакт',29,1,199.008,'sotsialnyy-kontakt'),(30,'Капитал',30,1,588.749,'kapital'),(31,'Государь',31,2,366.723,'gosudar'),(32,'Признание',32,3,47.3687,'priznaniye'),(33,'Левиафан',33,3,96.6736,'leviafan'),(34,'История Пелопонесской войны',34,3,321.262,'istoriya-peloponesskoy-voyny'),(35,'Властелин колец',35,2,316.288,'vlastelin-kolets'),(36,'Винни-Пух',36,2,597.656,'vinni-pukh'),(37,'Лев, ведьма и платяной шкаф',37,1,59.4168,'lev-vedma-i-platyanoy-shkaf'),(38,'Путешествие в Индию',38,2,444.115,'puteshestviye-v-indiyu'),(39,'В дороге',39,3,62.3236,'v-doroge'),(40,'Убить пересмешника',40,3,919.274,'ubit-peresmeshnika'),(41,'Заводной Апельсин',41,2,469.398,'zavodnoy-apelsin'),(42,'Свет в августе',42,3,549.17,'svet-v-avguste'),(43,'Души черного народа',43,3,337.654,'dushi-chernogo-naroda'),(44,'Широкое Саргассово море',44,2,20.7619,'shirokoye-sargassovo-more'),(45,'Госпожа Бовари',45,4,50.8466,'gospozha-bovari'),(46,'Потерянный рай',46,2,171.947,'poteryannyy-ray'),(47,'Анна Каренина',47,3,687.197,'anna-karenina'),(48,'Гамлет',48,2,940.143,'gamlet'),(49,'Король Лир',49,4,659.125,'korol-lir'),(50,'Отелло',50,2,455.195,'otello'),(51,'Сонеты',51,3,278.6,'sonety'),(52,'Листья травы',52,2,987.416,'listya-travy'),(53,'Приключения Гекльберри Финна',53,1,161.281,'priklyucheniya-geklberri-finna'),(54,'Ким',54,4,764.156,'kim'),(55,'Франкенштейн',55,4,376.939,'frankenshteyn'),(56,'Песня Соломона',56,1,552.224,'pesnya-solomona'),(57,'Пролетая над гнездом кукушки',57,2,630.304,'proletaya-nad-gnezdom-kukushki'),(58,'По ком звонит колокол',58,3,494.85,'po-kom-zvonit-kolokol'),(59,'Бойня номер пять',59,3,563.337,'boynya-nomer-pyat'),(60,'Скотный двор',60,3,332.133,'skotnyy-dvor'),(61,'Повелитель мух',61,2,930.655,'povelitel-mukh'),(62,'Хладнокровное убийство',62,3,696.875,'khladnokrovnoye-ubiystvo'),(63,'Золотая тетрадь',63,3,672.411,'zolotaya-tetrad'),(64,'В поисках утраченного времени',64,2,271.43,'v-poiskakh-utrachennogo-vremeni'),(65,'Вечный сон',65,4,299.918,'vechnyy-son'),(66,'Когда я умирала',66,1,665.3,'kogda-ya-umirala'),(67,'Фиеста',67,4,446.745,'fiyesta'),(68,'Я, Клавдий',68,1,217.826,'ya-klavdiy'),(69,'Сердце — одинокий охотник',69,5,708.895,'serdtseodinokiy-okhotnik'),(70,'Сыновья и любовники',70,2,910.997,'synovya-i-lyubovniki'),(71,'Вся королевская рать',71,2,448.3,'vsya-korolevskaya-rat'),(72,'Иди, вещай с горы',72,2,468.507,'idi-veshchay-s-gory'),(73,'Паутина Шарлотты',73,2,977.638,'pautina-sharlotty'),(74,'Сердце тьмы',74,5,522.667,'serdtse-tmy'),(75,'Ночь',75,2,640.424,'noch'),(76,'Кролик, беги',76,1,634.117,'krolik-begi'),(77,'Эпоха невинности',77,4,249.312,'epokha-nevinnosti'),(78,'Случай Портного',78,3,304.209,'sluchay-portnogo'),(79,'Американская трагедия',79,1,753.11,'amerikanskaya-tragediya'),(80,'День саранчи',80,5,872.923,'den-saranchi'),(81,'Тропик Рака',81,3,125.283,'tropik-raka'),(82,'Мальтийский сокол',82,4,927.647,'maltiyskiy-sokol'),(83,'Темные начала',83,2,322.385,'temnyye-nachala'),(84,'Смерть приходит за архиепископом',84,4,768.984,'smert-prikhodit-za-arkhiyepiskopom'),(85,'Толкование сновидений',85,2,897.764,'tolkovaniye-snovideniy'),(86,'Воспитание Генри Адамса',86,2,201.867,'vospitaniye-genri-adamsa'),(87,'Красная книжечка',87,3,256.046,'krasnaya-knizhechka'),(88,'Многообразие религиозного опыта',88,4,654.629,'mnogoobraziye-religioznogo-opyta'),(89,'Пригоршня праха',89,5,525.005,'prigorshnya-prakha'),(90,'Безмолвная весна',90,4,641.14,'bezmolvnaya-vesna'),(91,'Общая теория занятости, процента и денег',91,2,630.683,'obshchaya-teoriya-zanyatosti-protsenta-i-deneg'),(92,'Лорд Джим',92,3,229.994,'lord-dzhim'),(93,'Со всем этим покончено',93,4,217.923,'so-vsem-etim-pokoncheno'),(94,'Общество изобилия',94,1,379.633,'obshchestvo-izobiliya'),(95,'Ветер в ивах',95,2,244.396,'veter-v-ivakh'),(96,'Автобиография Малкольма Икс',96,4,63.0804,'avtobiografiya-malkolma-iks'),(97,'Знаменитые викторианцы',97,2,542.214,'znamenityye-viktoriantsy'),(98,'Цвет пурпурный',98,3,541.83,'tsvet-purpurnyy'),(99,'Вторая мировая война в 6-ти томах',99,2,82.507,'vtoraya-mirovaya-voyna-v-6-ti-tomakh');
/*!40000 ALTER TABLE `book` ENABLE KEYS */;
UNLOCK TABLES;

--
-- Table structure for table `comment`
--

DROP TABLE IF EXISTS `comment`;
/*!40101 SET @saved_cs_client     = @@character_set_client */;
/*!50503 SET character_set_client = utf8mb4 */;
CREATE TABLE `comment` (
  `comment_id` int(10) unsigned NOT NULL AUTO_INCREMENT,
  `message` text,
  `book_id` int(10) unsigned NOT NULL,
  `rating` tinyint(4) DEFAULT '3',
  `added_at` datetime NOT NULL DEFAULT CURRENT_TIMESTAMP,
  PRIMARY KEY (`comment_id`)
) ENGINE=InnoDB AUTO_INCREMENT=30 DEFAULT CHARSET=utf8mb4;
/*!40101 SET character_set_client = @saved_cs_client */;

--
-- Dumping data for table `comment`
--

LOCK TABLES `comment` WRITE;
/*!40000 ALTER TABLE `comment` DISABLE KEYS */;
INSERT INTO `comment` VALUES (1,'Через все повествование Оруэлла идет идея о сопротивлении личности системе, которая в итоге обречена на подавление. С этим мы сталкиваемся сейчас, сталкивались ранее и будем сталкиваться в будущем, именно поэтому написанное в 1948-м году произведение о годе 1984-м остается и по нынешний день актуальным и пророческим. И не стоит забывать, что «1984» – это не конкретный образ социалистического тоталитаризма советского периода, а отпечаток любого возможного автократического общества.',2,4,'2020-05-23 10:17:47'),(2,'Когда начинал читать, ожидал, что это больше похоже на описание тоталитарного социалистического общества в духе Советского Союза. А когда добрался до середины, понял, что и современный капитализм на это очень похож. И секс, если уж нельзя запретить, то надо испоганить. И Большой Брат, вещающий из телевизора, и одновременно следящий из него же за тобой. Ну и новостями здесь работают так, что переписыванию истории при Советском Союзе еще расти и расти. Вчера говорили одно, а сегодня, не моргнув глазом, прямо противоположное. А самое интересное заключается в том, что они здесь добились того, чего доблестному партийному аппарату сделать не удалось. Народ сегодня уже не помнит того, что вчера совсем другое рассказывали. А учитывая последние события, так и просятся оруэловские лозунги «Мир – это война», «Правда – это ложь!», «Незнание – это сила!». Так что роман не потерял актуальности и в наше время, причем в любом обществе, пусть и называющем себя самым свободным. А так же книга, распространяемая подпольщиками очень точно описывает общественные процессы. Рекомендую всем, кто еще ее не читал.',2,1,'2020-05-23 10:17:47'),(3,'Моё знакомство с жанром антиутопии началось с трилогии Патрика Неса, главные герои там всё же подростки. Да и написана она сравнительно недавно. Здесь же, в «1984», всё мрачнее, тяжелее и правдивей. Ты предашь свою настоящую любовь, признаешь, что 2Х2=5, будешь восхвалять своего мучителя. Нельзя допустить лишнего слова, движения, взгляда – Большой Брат следит за тобой. «Прыжок на месте приравнивается к бунту». Читая такие книги становится по-настоящему страшно. Но не читать их нельзя – это наш мир.',2,5,'2020-05-23 10:17:47'),(4,'Это классика вне времени. Очень понравлось. Слушала с огромным удовольствием!!! Великолепное произведение и чтец очень понравился. Всем рекомендую!',8,3,'2020-05-23 10:17:47'),(5,'диссею любим как сказку, очень понравился чтец, с хорошим настроением и важно – четкая дикция. Думаю что для лет 10-11 как раз подойдёт по истории Древней Греции проходят в учебнике Гомера, но там вскользь и не понятно почему женихи осаждали дом Одиссея, почему вернувшись на свою родину ему сразу же нельзя было пойти к своей супруге. В книге очень интересные моменты и всё сразу же понятно становится.',8,1,'2020-05-23 10:17:47'),(6,'Конечно читать! Но только – «Земную жизнь, пройдя до половины',10,5,'2020-05-23 10:17:47'),(7,'авно мечтала прочитать данное,величайшее произведение,известного и таинственного автора той эпохи, удалось,не жалею,рекомендую не пожалеете',10,2,'2020-05-23 10:17:47'),(8,'В центре внимания – страдания человека мыслящего, не желающего мириться с навязанными ему стереотипами общества. Каждому из нас полезно было бы остановиться и подумать, куда мы стремимся, как личности, а не безликие кусочки одного большого механизма. К сожалению, многие на это не способны. Мы так погрязли в пучине развлечений и удовольствий, которыми компенсируем свои трудовые издержки, что уже не можем отказаться от благ цивилизации. Точно как в особо запомнившимся мне эпизоде этой книги, где симпатичная, но недалёкая девушка не может выдержать и минуты тишины и пустоты. Но больше всего меня восхищает то, как Хаксли смог точно угадать столько атрибутов жизни людей будущего, например: наркотики и антидепрессанты, поощряемая половая неразборчивость, телевидение, нескончаемые потоки информации, инкубаторы с человеческими эмбрионами, генная инженерия и многое другое… Если что-то из творческого вымысла автора еще не сбылось, то по крайней мере очевидно, что мы стоим в шаге от этого. А значит, эта антиутопия-предостережение очень актуальна для нас сейчас.',23,4,'2020-05-23 10:17:47'),(9,'отличное полит-экономическое изложение сущности капитализма написано было в далёком XIX веке Но полностью отражается день сегодняшний. читать просто написано очень грамотным языком и грамотно переведена актёр озвучания полностью справляется со своей ролью.',30,4,'2020-05-23 10:17:47'),(10,'Сильное произведение. Но из за того, что это писалось для пьесы. Не хватает батальных сцен. И все быстро происходит.',49,5,'2020-05-23 10:17:47'),(11,'Самый любимый герой здесь – шут, безусловно. Красавец! А главная идея, видимо, – не лезь в бутылку! Корделии это тоже касается, причём в первую очередь.',49,1,'2020-05-23 10:17:47'),(12,'Как можно комментировать Шекспира… Шикарно! Трагично, весьма и весьма трагично… Классика трагедии. Единственное дискомфортное ощущение «Галопа по Европам»… Но с другой стороны никакой «воды», никаких «заполнителей» и «плавных переходов» – самая суть событий. Читайте классику, наслаждайтесь',49,2,'2020-05-23 10:17:47'),(13,'Из серии «Вечная классика», которую обязательно нужно читать.',49,1,'2020-05-23 10:17:47'),(14,'Пьеса «Король Лир»– это произведение нравственности,которое должен прочесть каждый. 90 страниц скрывают в себе огромный мир, полного безразличием, бездушьем, не благодарностью, эгоизмом и жестокостью.',49,4,'2020-05-23 10:17:47'),(15,'Книга, действительно, потрясающая! Смысл очень глубокий. Можно смотреть на события книги с разных сторон: и со стороны рядовых (животных – по книге) исполнителей и со стороны их руководителей, всё-равно задумываешься и сравниваешь, сравниваешь… С историей, с политикой, вообще, с жизнью. Сам профессионально занимаюсь политической деятельностью, по-этому мне книга показалась очень поучительной! Прочитал, уже некоторое время прошло, однако ловлю себя на мысли, что периодически возвращаюсь к ней снова и снова… Короче говоря, вроде бы и книга не очень большая, но смысл такой… Вообщем, я до сих пор под впечатлением.',60,4,'2020-05-23 10:17:47'),(16,'Ужас, непонимание и ненависть, злость и досада, горечь и печаль. Такие чувства оставила во мне эта книга, эта замечательная книга. Как жаль, что всё описанное в 44 году про СССР, точно также повторилось в 2000 и продолжается до сих пор. Теперь у нас другой Наполеон, вместо Стукача подконтрольные оболванивающие СМИ. А большинство всё также чтит заповеди Бойца и не прислушивается к своим, иногда очень светлым, мыслям. Это горькая Книга с большой буквы.',60,1,'2020-05-23 10:17:47'),(17,'Отличное произведение, рассказывающее о «революции» на скотном дворе. А ещё о том, как белое становится чёрным, верх низом и свиньи превращаются в людей.',60,1,'2020-05-23 10:17:47'),(18,'Не смотря на то, что читал в детстве, книга стала любимой, во взрослом возрасте. Читал ее дочери. Ей понравилось больше, чем когда-то мне. Не удивительно – мы выросли на сказках, где добро – понятие четкое, ничем не разбавленое. И оно всегда побеждает зло – такое же четкое понятие.',95,3,'2020-05-23 10:17:47'),(19,'Обожаю эту книгу, читал ее племяннику, сам перечитываю снова и снова, просто что бы поднять себе настроение, столько всего умиротворяющего в ней, такое тихое счастье размеренной жизни и простых земных радостей.',95,1,'2020-05-23 10:17:47'),(20,'Одна из лучших детских книг в мировой литературе. А может, и просто – лучшая. Трижды читал ее вслух моему внуку. Удивительно, что книга, не только и не столько увлекающая захватывающим сюжетом, но полная утонченной поэзии и глубокой мудрости, способна так приковывать внимание ребенка и влюблять в себя и своих персонажей.',95,2,'2020-05-23 10:17:47'),(21,'Данный перевод считаю лучше, чем у Токмаковой. Отличная книга и замечательные иллюстрации. Для детей все же предпочтительнее будет бумажное издание.',95,2,'2020-05-23 10:17:47'),(22,'Начала читать эту книгу, так как узнала, что это была любимая книга Терри Пратчетта. Очень атмосферная, пропитана духом старой Англии. Правда, я не очень люблю, когда на одно существительное приходится пять прилагательных, но зато это придает сказке какого то душевного тепла и доброты.',95,5,'2020-05-23 10:17:47'),(23,'Отличная книга!',4,NULL,'2020-05-23 11:09:43'),(24,'Хорошая книга',4,NULL,'2020-05-23 11:19:51'),(25,'Неплохая книга',4,NULL,'2020-05-23 11:20:33'),(26,'Классная книга ',4,3,'2020-05-23 11:21:02'),(27,'123',4,3,'2020-05-23 11:56:20'),(28,'Хорошая книга.',1,3,'2020-06-12 19:21:50'),(29,'Хорошая книга.',1,3,'2020-06-12 23:12:41');
/*!40000 ALTER TABLE `comment` ENABLE KEYS */;
UNLOCK TABLES;

--
-- Table structure for table `genre`
--

DROP TABLE IF EXISTS `genre`;
/*!40101 SET @saved_cs_client     = @@character_set_client */;
/*!50503 SET character_set_client = utf8mb4 */;
CREATE TABLE `genre` (
  `id` int(11) NOT NULL AUTO_INCREMENT,
  `name` varchar(45) NOT NULL,
  PRIMARY KEY (`id`)
) ENGINE=InnoDB AUTO_INCREMENT=6 DEFAULT CHARSET=utf8mb4;
/*!40101 SET character_set_client = @saved_cs_client */;

--
-- Dumping data for table `genre`
--

LOCK TABLES `genre` WRITE;
/*!40000 ALTER TABLE `genre` DISABLE KEYS */;
INSERT INTO `genre` VALUES (1,'комедия'),(2,'фантастика'),(3,'боевик'),(4,'драма'),(5,'детектив');
/*!40000 ALTER TABLE `genre` ENABLE KEYS */;
UNLOCK TABLES;

--
-- Table structure for table `order`
--

DROP TABLE IF EXISTS `order`;
/*!40101 SET @saved_cs_client     = @@character_set_client */;
/*!50503 SET character_set_client = utf8mb4 */;
CREATE TABLE `order` (
  `order_id` int(11) NOT NULL AUTO_INCREMENT,
  `added_at` datetime NOT NULL DEFAULT CURRENT_TIMESTAMP,
  `status` enum('pending','success','failed') DEFAULT 'pending',
  `amount` decimal(10,2) DEFAULT NULL,
  PRIMARY KEY (`order_id`)
) ENGINE=InnoDB AUTO_INCREMENT=629 DEFAULT CHARSET=utf8mb4;
/*!40101 SET character_set_client = @saved_cs_client */;

--
-- Dumping data for table `order`
--

LOCK TABLES `order` WRITE;
/*!40000 ALTER TABLE `order` DISABLE KEYS */;
INSERT INTO `order` VALUES (1,'2020-05-29 21:39:49','pending',NULL),(2,'2020-05-29 21:45:29','pending',NULL),(3,'2020-05-29 23:13:57','pending',NULL),(4,'2020-05-29 23:19:37','pending',NULL),(5,'2020-05-29 23:19:45','pending',NULL),(6,'2020-05-29 23:19:49','pending',NULL),(7,'2020-05-29 23:20:43','pending',NULL),(8,'2020-05-29 23:25:06','pending',NULL),(9,'2020-05-29 23:27:53','pending',NULL),(10,'2020-05-29 23:28:04','pending',NULL),(11,'2020-05-29 23:29:03','pending',NULL),(12,'2020-05-29 23:30:41','pending',NULL),(13,'2020-05-29 23:32:13','pending',NULL),(14,'2020-05-29 23:33:29','pending',NULL),(15,'2020-05-29 23:34:15','pending',NULL),(16,'2020-05-29 23:36:00','pending',NULL),(17,'2020-05-29 23:36:43','pending',NULL),(18,'2020-05-29 23:40:57','pending',NULL),(19,'2020-05-30 10:07:15','pending',NULL),(20,'2020-05-30 10:07:17','pending',NULL),(21,'2020-05-30 10:14:29','pending',NULL),(22,'2020-05-30 10:14:54','pending',NULL),(23,'2020-05-30 10:15:04','pending',NULL),(24,'2020-05-30 10:16:19','success',NULL),(25,'2020-05-30 10:41:19','pending',NULL),(26,'2020-05-30 10:41:20','pending',NULL),(27,'2020-05-30 10:41:30','success',NULL),(28,'2020-05-30 10:46:19','failed',NULL),(29,'2020-05-30 11:04:29','failed',NULL),(30,'2020-05-30 11:05:46','failed',NULL),(31,'2020-05-30 11:07:13','failed',NULL),(32,'2020-05-30 11:09:30','pending',NULL),(33,'2020-05-30 11:09:36','success',NULL),(34,'2020-05-30 11:11:36','success',NULL),(35,'2020-05-30 11:12:58','pending',NULL),(36,'2020-05-30 11:13:03','success',NULL),(37,'2020-05-30 11:14:49','success',NULL),(38,'2020-05-30 11:20:30','pending',NULL),(39,'2020-05-30 11:21:32','success',NULL),(40,'2020-05-30 11:25:55','pending',NULL),(41,'2020-05-30 11:26:04','success',NULL),(42,'2020-05-30 11:26:17','pending',NULL),(43,'2020-05-30 11:28:10','success',NULL),(44,'2020-05-30 11:28:26','failed',NULL),(45,'2020-05-30 11:31:15','failed',NULL),(46,'2020-05-30 11:33:34','success',NULL),(47,'2020-05-30 11:47:40','pending',NULL),(48,'2020-05-30 11:50:26','pending',NULL),(49,'2020-05-30 11:51:40','success',NULL),(50,'2020-05-30 11:53:45','failed',NULL),(51,'2020-05-30 11:58:06','pending',NULL),(52,'2020-05-30 11:59:59','success',NULL),(53,'2020-05-30 12:00:26','pending',NULL),(54,'2020-05-30 12:07:41','success',NULL),(55,'2020-05-30 12:09:03','failed',NULL),(56,'2020-05-30 12:11:26','pending',NULL),(57,'2020-05-30 12:11:31','failed',NULL),(58,'2020-05-30 12:12:49','pending',NULL),(59,'2020-05-30 12:12:55','pending',NULL),(60,'2020-05-30 12:14:41','pending',NULL),(61,'2020-05-30 12:15:20','pending',NULL),(62,'2020-05-30 12:15:37','failed',NULL),(63,'2020-05-30 12:28:03','pending',NULL),(64,'2020-05-30 12:28:50','pending',NULL),(65,'2020-05-30 12:28:54','pending',NULL),(66,'2020-05-30 12:30:05','success',NULL),(67,'2020-05-30 12:31:03','pending',NULL),(68,'2020-05-30 12:36:08','failed',NULL),(69,'2020-04-25 19:37:00','success',NULL),(70,'2020-04-25 19:37:00','success',NULL),(71,'2020-04-25 19:37:00','success',NULL),(72,'2020-04-25 19:37:00','success',NULL),(73,'2020-04-25 19:37:00','success',NULL),(74,'2020-04-25 19:37:00','success',NULL),(75,'2020-04-25 19:37:00','success',NULL),(76,'2020-04-25 19:37:00','success',NULL),(77,'2020-04-25 19:37:00','success',NULL),(78,'2020-04-25 19:37:00','success',NULL),(79,'2020-04-25 19:37:00','success',NULL),(80,'2020-04-25 19:37:00','success',NULL),(81,'2020-04-25 19:37:00','success',NULL),(82,'2020-04-25 19:37:00','success',NULL),(83,'2020-04-25 19:37:00','success',NULL),(84,'2020-04-25 19:37:00','success',NULL),(85,'2020-04-25 19:37:00','success',NULL),(86,'2020-04-25 19:37:00','success',NULL),(87,'2020-04-25 19:37:00','success',NULL),(88,'2020-04-25 19:37:00','success',NULL),(89,'2020-04-25 19:37:00','success',NULL),(90,'2020-04-25 19:37:00','success',NULL),(91,'2020-04-25 19:37:00','success',NULL),(92,'2020-04-25 19:37:00','success',NULL),(93,'2020-04-25 19:37:00','success',NULL),(94,'2020-04-25 19:37:00','success',NULL),(95,'2020-04-25 19:37:00','success',NULL),(96,'2020-04-25 19:37:00','success',NULL),(97,'2020-04-25 19:37:00','success',NULL),(98,'2020-04-25 19:37:00','success',NULL),(99,'2020-04-25 19:37:00','success',NULL),(100,'2020-04-25 19:37:00','success',NULL),(101,'2020-04-25 19:37:00','success',NULL),(102,'2020-04-25 19:37:00','success',NULL),(103,'2020-04-25 19:37:00','success',NULL),(104,'2020-04-25 19:37:00','success',NULL),(105,'2020-04-25 19:37:00','success',NULL),(106,'2020-04-25 19:37:00','success',NULL),(107,'2020-04-25 19:37:00','success',NULL),(108,'2020-04-25 19:37:00','success',NULL),(109,'2020-04-25 19:37:00','success',NULL),(110,'2020-04-25 19:37:00','success',NULL),(111,'2020-04-25 19:37:00','success',NULL),(112,'2020-04-25 19:37:00','success',NULL),(113,'2020-04-25 19:37:00','success',NULL),(114,'2020-04-25 19:37:00','success',NULL),(115,'2020-04-25 19:37:00','success',NULL),(116,'2020-04-25 19:37:00','success',NULL),(117,'2020-04-25 19:37:00','success',NULL),(118,'2020-04-25 19:37:00','success',NULL),(119,'2020-04-25 19:37:00','success',NULL),(120,'2020-04-25 19:37:00','success',NULL),(121,'2020-04-25 19:37:00','success',NULL),(122,'2020-04-25 19:37:00','success',NULL),(123,'2020-04-25 19:37:00','success',NULL),(124,'2020-04-25 19:37:00','success',NULL),(125,'2020-04-25 19:37:00','success',NULL),(126,'2020-04-25 19:37:00','success',NULL),(127,'2020-04-25 19:37:00','success',NULL),(128,'2020-04-25 19:37:00','success',NULL),(129,'2020-04-25 19:37:00','success',NULL),(130,'2020-04-25 19:37:00','success',NULL),(131,'2020-04-25 19:37:00','success',NULL),(132,'2020-04-25 19:37:00','success',NULL),(133,'2020-04-25 19:37:00','success',NULL),(134,'2020-04-25 19:37:00','success',NULL),(135,'2020-04-25 19:37:00','success',NULL),(136,'2020-04-25 19:37:00','success',NULL),(196,'2020-05-30 13:31:03','success',NULL),(197,'2020-05-31 01:52:18','pending',NULL),(198,'2020-05-31 02:16:57','success',NULL),(199,'2020-05-31 02:17:56','success',NULL),(200,'2020-05-31 02:26:28','success',8189.22),(201,'2020-04-25 19:37:00','success',410.50),(202,'2020-04-25 19:37:00','success',468.73),(203,'2020-04-25 19:37:00','success',112.16),(204,'2020-04-25 19:37:00','success',54.62),(205,'2020-04-25 19:37:00','success',836.62),(206,'2020-04-25 19:37:00','success',169.22),(207,'2020-04-25 19:37:00','success',186.24),(208,'2020-04-25 19:37:00','success',373.54),(209,'2020-04-25 19:37:00','success',308.99),(210,'2020-04-25 19:37:00','success',374.34),(211,'2020-04-25 19:37:00','success',894.73),(212,'2020-04-25 19:37:00','success',450.64),(213,'2020-04-25 19:37:00','success',468.98),(214,'2020-04-25 19:37:00','success',943.01),(215,'2020-04-25 19:37:00','success',408.10),(216,'2020-04-25 19:37:00','success',111.46),(217,'2020-04-25 19:37:00','success',233.00),(218,'2020-04-25 19:37:00','success',780.64),(219,'2020-04-25 19:37:00','success',304.18),(220,'2020-04-25 19:37:00','success',78.97),(221,'2020-04-25 19:37:00','success',382.32),(222,'2020-04-25 19:37:00','success',674.69),(223,'2020-04-25 19:37:00','success',276.49),(224,'2020-04-25 19:37:00','success',258.38),(225,'2020-04-25 19:37:00','success',412.41),(226,'2020-04-25 19:37:00','success',286.93),(227,'2020-04-25 19:37:00','success',147.40),(228,'2020-04-25 19:37:00','success',776.21),(229,'2020-04-25 19:37:00','success',538.85),(230,'2020-04-25 19:37:00','success',315.61),(231,'2020-04-25 19:37:00','success',861.52),(232,'2020-04-25 19:37:00','success',460.78),(233,'2020-04-25 19:37:00','success',619.34),(234,'2020-04-25 19:37:00','success',714.36),(235,'2020-04-25 19:37:00','success',713.78),(236,'2020-04-25 19:37:00','success',425.82),(237,'2020-04-25 19:37:00','success',887.75),(238,'2020-04-25 19:37:00','success',261.29),(239,'2020-04-25 19:37:00','success',493.19),(240,'2020-04-25 19:37:00','success',682.09),(241,'2020-04-25 19:37:00','success',930.89),(242,'2020-04-25 19:37:00','success',658.18),(243,'2020-04-25 19:37:00','success',448.21),(244,'2020-04-25 19:37:00','success',216.54),(245,'2020-04-25 19:37:00','success',638.06),(246,'2020-04-25 19:37:00','success',590.68),(247,'2020-04-25 19:37:00','success',989.20),(248,'2020-04-25 19:37:00','success',273.98),(249,'2020-04-25 19:37:00','success',252.32),(250,'2020-04-25 19:37:00','success',389.62),(251,'2020-04-25 19:37:00','success',191.17),(252,'2020-04-25 19:37:00','success',686.98),(253,'2020-04-25 19:37:00','success',911.38),(254,'2020-04-25 19:37:00','success',545.95),(255,'2020-04-25 19:37:00','success',895.61),(256,'2020-04-25 19:37:00','success',890.22),(257,'2020-04-25 19:37:00','success',764.28),(258,'2020-04-25 19:37:00','success',150.71),(259,'2020-04-25 19:37:00','success',310.73),(260,'2020-04-25 19:37:00','success',101.52),(261,'2020-04-25 19:37:00','success',475.39),(262,'2020-04-25 19:37:00','success',122.42),(263,'2020-04-25 19:37:00','success',85.91),(264,'2020-04-25 19:37:00','success',962.29),(265,'2020-04-25 19:37:00','success',703.74),(266,'2020-04-25 19:37:00','success',581.82),(267,'2020-04-25 19:37:00','success',747.89),(268,'2020-04-25 19:37:00','success',993.97),(269,'2020-04-25 19:37:00','success',776.19),(270,'2020-04-25 19:37:00','success',849.05),(271,'2020-04-25 19:37:00','success',916.68),(272,'2020-04-25 19:37:00','success',86.22),(273,'2020-04-25 19:37:00','success',481.09),(274,'2020-04-25 19:37:00','success',196.79),(275,'2020-04-25 19:37:00','success',440.66),(276,'2020-04-25 19:37:00','success',612.95),(277,'2020-04-25 19:37:00','success',742.76),(278,'2020-04-25 19:37:00','success',874.94),(279,'2020-04-25 19:37:00','success',196.43),(280,'2020-04-25 19:37:00','success',207.34),(281,'2020-04-25 19:37:00','success',397.39),(282,'2020-04-25 19:37:00','success',364.95),(283,'2020-04-25 19:37:00','success',582.57),(284,'2020-04-25 19:37:00','success',818.00),(285,'2020-04-25 19:37:00','success',392.28),(286,'2020-04-25 19:37:00','success',407.39),(287,'2020-04-25 19:37:00','success',810.12),(288,'2020-04-25 19:37:00','success',878.45),(289,'2020-04-25 19:37:00','success',961.87),(290,'2020-04-25 19:37:00','success',224.00),(291,'2020-04-25 19:37:00','success',84.41),(292,'2020-04-25 19:37:00','success',650.04),(293,'2020-04-25 19:37:00','success',96.96),(294,'2020-04-25 19:37:00','success',384.69),(295,'2020-04-25 19:37:00','success',632.59),(296,'2020-04-25 19:37:00','success',58.85),(297,'2020-04-25 19:37:00','success',246.47),(298,'2020-04-25 19:37:00','success',55.82),(299,'2020-04-25 19:37:00','success',439.68),(300,'2020-04-25 19:37:00','success',80.93),(301,'2020-04-25 19:37:00','success',935.63),(302,'2020-04-25 19:37:00','success',585.36),(303,'2020-04-25 19:37:00','success',69.93),(304,'2020-04-25 19:37:00','success',443.53),(305,'2020-04-25 19:37:00','success',57.89),(306,'2020-04-25 19:37:00','success',808.87),(307,'2020-04-25 19:37:00','success',970.65),(308,'2020-04-25 19:37:00','success',476.64),(309,'2020-04-25 19:37:00','success',371.26),(310,'2020-04-25 19:37:00','success',376.37),(311,'2020-04-25 19:37:00','success',718.10),(312,'2020-04-25 19:37:00','success',511.36),(313,'2020-04-25 19:37:00','success',352.52),(314,'2020-04-25 19:37:00','success',178.51),(315,'2020-04-25 19:37:00','success',735.00),(316,'2020-04-25 19:37:00','success',239.48),(317,'2020-04-25 19:37:00','success',842.39),(318,'2020-04-25 19:37:00','success',593.51),(319,'2020-04-25 19:37:00','success',390.37),(320,'2020-04-25 19:37:00','success',121.35),(321,'2020-04-25 19:37:00','success',335.61),(322,'2020-04-25 19:37:00','success',314.01),(323,'2020-04-25 19:37:00','success',513.24),(324,'2020-04-25 19:37:00','success',624.14),(325,'2020-04-25 19:37:00','success',580.99),(326,'2020-04-25 19:37:00','success',982.54),(327,'2020-04-25 19:37:00','success',269.71),(328,'2020-04-25 19:37:00','success',250.93),(329,'2020-04-25 19:37:00','success',395.53),(330,'2020-04-25 19:37:00','success',224.85),(331,'2020-04-25 19:37:00','success',837.66),(332,'2020-04-25 19:37:00','success',613.74),(333,'2020-04-25 19:37:00','success',505.74),(334,'2020-04-25 19:37:00','success',637.45),(335,'2020-04-25 19:37:00','success',670.05),(336,'2020-04-25 19:37:00','success',437.91),(337,'2020-04-25 19:37:00','success',129.37),(338,'2020-04-25 19:37:00','success',233.15),(339,'2020-04-25 19:37:00','success',727.63),(340,'2020-04-25 19:37:00','success',988.71),(341,'2020-04-25 19:37:00','success',810.66),(456,'2020-05-31 02:29:37','pending',NULL),(457,'2020-05-31 02:29:48','pending',NULL),(458,'2020-05-31 02:31:20','failed',17929.25),(459,'2020-05-31 02:33:41','failed',17929.25),(460,'2020-05-31 02:38:07','pending',NULL),(461,'2020-05-31 02:39:48','failed',17929.25),(462,'2020-05-31 02:42:50','pending',NULL),(463,'2020-05-31 02:45:03','pending',NULL),(464,'2020-05-31 02:46:39','failed',19628.01),(465,'2020-05-31 02:49:53','failed',19628.01),(466,'2020-05-31 02:50:05','failed',19905.49),(467,'2020-05-31 02:50:56','failed',19905.49),(468,'2020-05-31 02:51:51','failed',19905.49),(469,'2020-05-31 02:52:29','pending',NULL),(470,'2020-05-31 02:52:35','success',20622.66),(471,'2020-05-31 02:54:01','pending',NULL),(472,'2020-05-31 02:54:05','pending',NULL),(473,'2020-05-31 02:54:10','failed',3882.11),(474,'2020-05-31 03:48:50','success',3882.11),(475,'2020-05-31 04:00:37','pending',NULL),(476,'2020-05-31 04:00:42','success',717.17),(477,'2020-05-31 04:01:42','failed',981.59),(478,'2020-05-31 04:02:46','success',981.59),(479,'2020-05-31 04:03:19','success',2868.68),(480,'2020-06-03 02:12:29','pending',NULL),(481,'2020-06-03 02:12:37','success',2121.50),(482,'2020-06-03 19:30:41','pending',NULL),(483,'2020-06-03 19:31:17','pending',NULL),(484,'2020-06-03 19:31:27','pending',NULL),(485,'2020-06-03 19:31:55','pending',NULL),(486,'2020-06-03 19:32:03','pending',NULL),(487,'2020-06-03 20:08:15','pending',NULL),(488,'2020-06-03 20:08:20','pending',NULL),(489,'2020-06-03 20:08:25','pending',NULL),(490,'2020-06-03 20:10:11','pending',NULL),(491,'2020-06-03 20:13:19','pending',NULL),(492,'2020-06-04 00:06:30','pending',NULL),(493,'2020-06-04 15:27:18','pending',NULL),(494,'2020-06-04 15:27:23','pending',NULL),(495,'2020-06-04 17:39:02','pending',NULL),(496,'2020-06-04 22:40:52','pending',NULL),(497,'2020-06-05 02:44:38','pending',NULL),(498,'2020-06-06 01:24:38','pending',NULL),(499,'2020-06-06 01:28:26','pending',NULL),(500,'2020-06-06 01:31:05','pending',NULL),(501,'2020-06-06 01:31:08','pending',NULL),(502,'2020-06-06 01:31:10','pending',NULL),(503,'2020-06-06 01:31:17','pending',NULL),(504,'2020-06-06 01:31:52','pending',NULL),(505,'2020-06-06 01:32:00','pending',NULL),(506,'2020-06-06 01:32:01','pending',NULL),(507,'2020-06-06 01:32:02','pending',NULL),(508,'2020-06-06 01:32:09','pending',NULL),(509,'2020-06-06 01:32:11','pending',NULL),(510,'2020-06-06 01:32:13','pending',NULL),(511,'2020-06-10 18:01:45','pending',NULL),(512,'2020-06-10 18:02:23','pending',NULL),(513,'2020-06-10 18:05:33','pending',NULL),(514,'2020-06-10 18:09:16','pending',NULL),(515,'2020-06-10 18:10:17','pending',NULL),(516,'2020-06-10 18:11:17','success',2207.11),(517,'2020-06-10 18:39:43','pending',NULL),(518,'2020-06-10 18:39:52','failed',3669.40),(519,'2020-06-10 18:41:04','success',4386.57),(520,'2020-06-10 18:45:51','success',4827.99),(521,'2020-06-10 18:49:09','success',5269.41),(522,'2020-06-10 18:50:59','success',5986.58),(523,'2020-06-10 18:53:12','success',6703.75),(524,'2020-06-10 19:03:00','success',7480.17),(525,'2020-06-10 19:06:54','pending',NULL),(526,'2020-06-10 19:07:03','success',1963.17),(527,'2020-06-10 19:11:20','pending',NULL),(528,'2020-06-10 19:11:25','pending',NULL),(529,'2020-06-10 21:00:45','failed',717.17),(530,'2020-06-10 21:04:48','success',1158.59),(531,'2020-06-10 21:08:04','success',1875.76),(532,'2020-06-10 21:09:56','success',1664.89),(533,'2020-06-10 21:11:37','success',1624.03),(534,'2020-06-10 21:14:05','success',3807.12),(535,'2020-06-12 12:31:31','pending',NULL),(536,'2020-06-12 12:34:20','pending',NULL),(537,'2020-06-12 12:55:07','pending',NULL),(538,'2020-06-12 19:21:30','pending',NULL),(539,'2020-06-12 19:21:32','pending',NULL),(540,'2020-06-12 19:21:33','pending',NULL),(541,'2020-06-12 19:44:48','pending',NULL),(542,'2020-06-12 20:13:26','pending',NULL),(543,'2020-06-12 20:13:27','pending',NULL),(544,'2020-06-12 20:13:31','pending',NULL),(545,'2020-06-12 20:13:33','pending',NULL),(546,'2020-06-12 21:38:45','pending',NULL),(547,'2020-06-12 23:12:53','pending',NULL),(548,'2020-06-12 23:12:54','pending',NULL),(549,'2020-06-12 23:13:02','pending',NULL),(550,'2020-06-12 23:13:03','pending',NULL),(551,'2020-06-12 23:13:13','pending',NULL),(552,'2020-06-12 23:14:23','pending',NULL),(553,'2020-06-12 23:14:32','success',1324.26),(554,'2020-06-12 23:17:32','pending',NULL),(555,'2020-06-12 23:22:10','pending',NULL),(556,'2020-06-12 23:22:19','pending',NULL),(557,'2020-06-12 23:22:21','pending',NULL),(558,'2020-06-12 23:22:54','success',2074.05),(559,'2020-06-12 23:28:13','pending',NULL),(560,'2020-06-12 23:28:16','pending',NULL),(561,'2020-06-12 23:28:22','pending',NULL),(562,'2020-06-12 23:28:24','pending',NULL),(563,'2020-06-12 23:28:35','pending',NULL),(564,'2020-06-12 23:28:37','pending',NULL),(565,'2020-06-12 23:29:04','pending',NULL),(566,'2020-06-12 23:32:38','pending',NULL),(567,'2020-06-12 23:33:01','pending',NULL),(568,'2020-06-12 23:33:05','pending',NULL),(569,'2020-06-12 23:33:08','pending',NULL),(570,'2020-06-12 23:33:14','pending',NULL),(571,'2020-06-13 13:29:40','success',82.51),(572,'2020-06-13 13:31:11','pending',NULL),(573,'2020-06-13 13:31:26','pending',NULL),(574,'2020-06-13 13:31:33','pending',NULL),(575,'2020-06-13 13:32:09','pending',NULL),(576,'2020-06-13 13:35:05','pending',NULL),(577,'2020-06-13 13:35:07','pending',NULL),(578,'2020-06-13 13:35:09','pending',NULL),(579,'2020-06-13 13:35:10','pending',NULL),(580,'2020-06-13 13:36:29','pending',NULL),(581,'2020-06-13 13:37:44','pending',NULL),(582,'2020-06-13 13:38:31','pending',NULL),(583,'2020-06-13 13:38:41','pending',NULL),(584,'2020-06-13 13:38:44','pending',NULL),(585,'2020-06-13 13:38:46','pending',NULL),(586,'2020-06-13 13:38:49','pending',NULL),(587,'2020-06-13 13:38:51','pending',NULL),(588,'2020-06-13 13:39:54','pending',NULL),(589,'2020-06-13 13:40:01','pending',NULL),(590,'2020-06-13 13:40:08','pending',NULL),(591,'2020-06-13 13:40:10','pending',NULL),(592,'2020-06-13 13:40:11','pending',NULL),(593,'2020-06-13 13:40:13','pending',NULL),(594,'2020-06-13 13:50:24','pending',NULL),(595,'2020-06-13 13:50:28','pending',NULL),(596,'2020-06-13 13:51:30','pending',NULL),(597,'2020-06-13 13:52:02','pending',NULL),(598,'2020-06-13 13:52:04','pending',NULL),(599,'2020-06-13 13:52:19','pending',NULL),(600,'2020-06-13 13:52:21','pending',NULL),(601,'2020-06-13 13:52:23','pending',NULL),(602,'2020-06-13 13:52:25','pending',NULL),(603,'2020-06-13 13:52:27','pending',NULL),(604,'2020-06-13 13:52:28','pending',NULL),(605,'2020-06-13 13:54:56','pending',NULL),(606,'2020-06-13 13:54:58','pending',NULL),(607,'2020-06-13 13:55:21','pending',NULL),(608,'2020-06-13 13:55:27','pending',NULL),(609,'2020-06-13 13:55:29','pending',NULL),(610,'2020-06-13 13:55:31','pending',NULL),(611,'2020-06-13 13:55:34','pending',NULL),(612,'2020-06-13 13:55:50','pending',NULL),(613,'2020-06-13 13:57:29','pending',NULL),(614,'2020-06-13 13:57:31','pending',NULL),(615,'2020-06-13 13:57:34','pending',NULL),(616,'2020-06-13 13:57:35','pending',NULL),(617,'2020-06-13 13:57:35','pending',NULL),(618,'2020-06-13 13:57:41','pending',NULL),(619,'2020-06-13 13:57:43','pending',NULL),(620,'2020-06-13 13:57:45','pending',NULL),(621,'2020-06-13 13:57:50','pending',NULL),(622,'2020-06-13 13:58:27','pending',NULL),(623,'2020-06-13 13:59:30','pending',NULL),(624,'2020-06-13 13:59:32','pending',NULL),(625,'2020-06-13 13:59:34','pending',NULL),(626,'2020-06-15 15:44:56','pending',NULL),(627,'2020-06-15 17:40:18','success',2151.51),(628,'2020-06-15 17:40:46','pending',NULL);
/*!40000 ALTER TABLE `order` ENABLE KEYS */;
UNLOCK TABLES;

--
-- Table structure for table `order_book`
--

DROP TABLE IF EXISTS `order_book`;
/*!40101 SET @saved_cs_client     = @@character_set_client */;
/*!50503 SET character_set_client = utf8mb4 */;
CREATE TABLE `order_book` (
  `order_id` int(10) unsigned NOT NULL,
  `book_id` int(10) unsigned NOT NULL,
  `count` smallint(4) DEFAULT NULL,
  PRIMARY KEY (`order_id`,`book_id`)
) ENGINE=InnoDB DEFAULT CHARSET=utf8mb4;
/*!40101 SET character_set_client = @saved_cs_client */;

--
-- Dumping data for table `order_book`
--

LOCK TABLES `order_book` WRITE;
/*!40000 ALTER TABLE `order_book` DISABLE KEYS */;
INSERT INTO `order_book` VALUES (1,1,1),(1,3,6),(2,1,1),(2,3,6),(3,1,1),(3,3,6),(4,1,1),(4,3,6),(5,1,1),(5,3,6),(6,1,1),(6,3,6),(7,1,1),(7,3,6),(8,1,1),(8,3,6),(9,1,1),(9,3,6),(10,1,1),(10,3,6),(11,1,1),(11,3,6),(12,1,1),(12,3,6),(13,1,1),(13,3,6),(14,1,1),(14,3,6),(15,1,1),(15,3,6),(16,1,1),(16,3,6),(17,1,1),(17,3,6),(18,1,1),(18,3,6),(19,1,1),(19,3,6),(20,1,1),(20,3,6),(21,1,1),(21,3,6),(22,1,1),(22,3,6),(23,1,1),(23,3,6),(24,1,1),(24,3,6),(25,3,6),(27,1,4),(28,1,4),(28,5,1),(29,1,4),(29,3,3),(29,5,1),(30,1,4),(30,2,1),(30,3,3),(30,5,1),(31,1,4),(31,2,1),(31,3,3),(31,5,1),(32,1,4),(32,2,1),(32,3,3),(32,5,1),(33,1,4),(33,2,1),(33,3,4),(33,5,1),(34,1,4),(34,2,2),(34,3,4),(34,5,1),(35,1,4),(35,2,2),(35,3,4),(35,5,1),(36,1,5),(36,2,2),(36,3,4),(36,5,1),(37,1,5),(38,1,5),(39,1,5),(40,1,5),(41,1,5),(41,2,9),(42,1,5),(42,2,9),(43,1,6),(43,2,9),(44,1,4),(45,1,4),(46,1,4),(47,4,4),(48,4,4),(49,2,1),(49,4,4),(50,2,4),(51,1,1),(51,2,4),(52,1,1),(52,2,4),(53,1,23),(54,1,23),(55,6,7),(56,6,7),(57,2,3),(57,6,7),(58,2,3),(58,6,7),(59,1,1),(59,2,3),(59,6,7),(60,1,1),(60,2,3),(60,6,7),(61,1,1),(61,2,3),(61,6,7),(62,1,1),(62,2,4),(62,6,7),(63,1,1),(63,2,4),(63,6,7),(64,1,1),(64,2,4),(64,6,7),(65,1,1),(65,2,5),(65,6,7),(66,1,1),(66,2,5),(66,6,7),(68,1,5),(196,1,5),(197,1,1),(198,1,1),(199,2,4),(200,1,5),(200,4,5),(456,2,5),(457,2,25),(458,2,25),(459,2,25),(460,2,25),(461,2,25),(462,2,25),(463,2,26),(464,2,26),(464,3,1),(465,2,26),(465,3,1),(466,2,26),(466,3,1),(466,6,1),(467,2,26),(467,3,1),(467,6,1),(468,2,26),(468,3,1),(468,6,1),(469,2,26),(469,3,1),(469,6,1),(470,2,27),(470,3,1),(470,6,1),(471,7,8),(473,4,5),(474,4,5),(476,2,1),(477,3,1),(478,3,1),(479,2,4),(480,1,5),(480,7,1),(480,22,4),(481,7,1),(481,22,4),(482,3,1),(484,7,1),(485,7,1),(486,2,1),(489,2,1),(490,2,1),(491,2,1),(494,1,1),(495,1,1),(496,1,1),(497,1,1),(498,1,1),(499,1,1),(503,3,3),(504,3,3),(505,3,3),(506,3,3),(507,3,3),(508,3,3),(508,7,4),(509,3,3),(514,1,5),(515,1,5),(516,1,5),(518,5,4),(519,2,1),(519,5,4),(520,1,1),(520,2,1),(520,5,4),(521,1,2),(521,2,1),(521,5,4),(522,1,2),(522,2,2),(522,5,4),(523,1,2),(523,2,3),(523,5,4),(524,1,2),(524,2,3),(524,4,1),(524,5,4),(526,3,2),(528,2,1),(529,2,1),(530,1,1),(530,2,1),(531,1,1),(531,2,2),(532,6,6),(533,1,1),(533,4,1),(533,6,1),(533,8,2),(534,1,7),(534,2,1),(535,1,13),(536,1,13),(537,1,15),(537,2,5),(538,1,15),(538,2,5),(539,2,5),(542,1,17),(542,6,1),(543,1,17),(543,6,1),(544,1,17),(544,6,1),(547,1,3),(547,3,3),(547,6,1),(548,1,3),(548,3,3),(548,6,1),(549,1,324),(551,3,3),(551,6,1),(553,1,3),(554,1,3),(556,1,3),(558,2,2),(558,7,1),(558,8,1),(565,2,2),(565,7,1),(565,8,1),(566,2,3),(566,7,1),(566,8,1),(571,99,1),(573,99,1),(574,99,1),(575,99,1),(576,99,1),(577,1,9),(577,2,5),(578,2,5),(583,1,1),(584,1,1),(585,1,1),(586,1,1),(589,2,1),(590,2,1),(591,2,1),(592,2,1),(594,1,7),(595,1,7),(596,1,7),(597,1,7),(599,2,12),(600,2,12),(601,2,12),(607,1,5),(608,1,5),(612,2,4),(613,2,4),(614,2,4),(615,2,4),(616,2,4),(617,2,4),(618,2,5),(619,2,5),(622,2,1),(622,4,1),(623,2,1),(623,4,1),(624,2,1),(627,2,3);
/*!40000 ALTER TABLE `order_book` ENABLE KEYS */;
UNLOCK TABLES;
/*!40103 SET TIME_ZONE=@OLD_TIME_ZONE */;

/*!40101 SET SQL_MODE=@OLD_SQL_MODE */;
/*!40014 SET FOREIGN_KEY_CHECKS=@OLD_FOREIGN_KEY_CHECKS */;
/*!40014 SET UNIQUE_CHECKS=@OLD_UNIQUE_CHECKS */;
/*!40101 SET CHARACTER_SET_CLIENT=@OLD_CHARACTER_SET_CLIENT */;
/*!40101 SET CHARACTER_SET_RESULTS=@OLD_CHARACTER_SET_RESULTS */;
/*!40101 SET COLLATION_CONNECTION=@OLD_COLLATION_CONNECTION */;
/*!40111 SET SQL_NOTES=@OLD_SQL_NOTES */;

-- Dump completed on 2020-06-22 18:33:51
